Jan 20, 2022 11:09:54.322658000 -05
Jan 20, 2022 11:09:54.336103000 -05
Jan 20, 2022 11:09:54.337371000 -05
Jan 20, 2022 11:09:54.338684000 -05
Jan 20, 2022 11:09:54.341990000 -05
Jan 20, 2022 11:09:54.342342000 -05
Jan 20, 2022 11:09:54.347030000 -05
Jan 20, 2022 11:09:54.347550000 -05
Jan 20, 2022 11:09:54.350054000 -05
Jan 20, 2022 11:09:54.359071000 -05
Jan 20, 2022 11:09:54.361273000 -05
Jan 20, 2022 11:09:54.361438000 -05
Jan 20, 2022 11:09:54.363471000 -05
Jan 20, 2022 11:09:54.363695000 -05
Jan 20, 2022 11:09:54.363972000 -05
Jan 20, 2022 11:09:54.364236000 -05
Jan 20, 2022 11:09:54.400380000 -05
Jan 20, 2022 11:09:54.440047000 -05
Jan 20, 2022 11:09:54.440600000 -05
Jan 20, 2022 11:09:54.441148000 -05
Jan 20, 2022 11:09:54.475729000 -05
Jan 20, 2022 11:09:54.476632000 -05
Jan 20, 2022 11:09:54.559834000 -05
Jan 20, 2022 11:09:54.560404000 -05
Jan 20, 2022 11:09:54.561083000 -05
Jan 20, 2022 11:09:54.561323000 -05
Jan 20, 2022 11:09:54.601000000 -05
Jan 20, 2022 11:09:54.601439000 -05
Jan 20, 2022 11:09:54.635234000 -05
Jan 20, 2022 11:09:54.635660000 -05
Jan 20, 2022 11:09:54.675790000 -05
Jan 20, 2022 11:09:54.676349000 -05
Jan 20, 2022 11:09:54.715443000 -05
Jan 20, 2022 11:09:54.715826000 -05
Jan 20, 2022 11:09:54.756418000 -05
Jan 20, 2022 11:09:54.757503000 -05
Jan 20, 2022 11:09:54.797178000 -05
Jan 20, 2022 11:09:54.824990000 -05
Jan 20, 2022 11:09:54.839024000 -05
Jan 20, 2022 11:09:54.849327000 -05
Jan 20, 2022 11:09:54.874689000 -05
Jan 20, 2022 11:09:54.877576000 -05
Jan 20, 2022 11:09:54.877604000 -05
Jan 20, 2022 11:09:54.918689000 -05
Jan 20, 2022 11:09:54.927257000 -05
Jan 20, 2022 11:09:54.927587000 -05
Jan 20, 2022 11:09:54.961269000 -05
Jan 20, 2022 11:09:54.961913000 -05
Jan 20, 2022 11:09:54.967516000 -05
Jan 20, 2022 11:09:54.996202000 -05
Jan 20, 2022 11:09:54.997007000 -05
Jan 20, 2022 11:09:54.997036000 -05
Jan 20, 2022 11:09:55.035375000 -05
Jan 20, 2022 11:09:55.036474000 -05
Jan 20, 2022 11:09:55.076089000 -05
Jan 20, 2022 11:09:55.077083000 -05
Jan 20, 2022 11:09:55.077113000 -05
Jan 20, 2022 11:09:55.115046000 -05
Jan 20, 2022 11:09:55.118206000 -05
Jan 20, 2022 11:09:55.118235000 -05
Jan 20, 2022 11:09:55.155077000 -05
Jan 20, 2022 11:09:55.156613000 -05
Jan 20, 2022 11:09:55.169313000 -05
Jan 20, 2022 11:09:55.195378000 -05
Jan 20, 2022 11:09:55.195855000 -05
Jan 20, 2022 11:09:55.235019000 -05
Jan 20, 2022 11:09:55.235443000 -05
Jan 20, 2022 11:09:55.237424000 -05
Jan 20, 2022 11:09:55.275810000 -05
Jan 20, 2022 11:09:55.279532000 -05
Jan 20, 2022 11:09:55.279931000 -05
Jan 20, 2022 11:09:55.315458000 -05
Jan 20, 2022 11:09:55.317888000 -05
Jan 20, 2022 11:09:55.318109000 -05
Jan 20, 2022 11:09:55.357388000 -05
Jan 20, 2022 11:09:55.358643000 -05
Jan 20, 2022 11:09:55.358674000 -05
Jan 20, 2022 11:09:55.396474000 -05
Jan 20, 2022 11:09:55.397278000 -05
Jan 20, 2022 11:09:55.397852000 -05
Jan 20, 2022 11:09:55.436318000 -05
Jan 20, 2022 11:09:55.440204000 -05
Jan 20, 2022 11:09:55.440511000 -05
Jan 20, 2022 11:09:55.474711000 -05
Jan 20, 2022 11:09:55.474739000 -05
Jan 20, 2022 11:09:55.476648000 -05
Jan 20, 2022 11:09:55.481284000 -05
Jan 20, 2022 11:09:55.485592000 -05
Jan 20, 2022 11:09:55.487091000 -05
Jan 20, 2022 11:09:55.493993000 -05
Jan 20, 2022 11:09:55.494054000 -05
Jan 20, 2022 11:09:55.500670000 -05
Jan 20, 2022 11:09:55.501253000 -05
Jan 20, 2022 11:09:55.501670000 -05
Jan 20, 2022 11:09:55.506898000 -05
Jan 20, 2022 11:09:55.508204000 -05
Jan 20, 2022 11:09:55.510356000 -05
Jan 20, 2022 11:09:55.518904000 -05
Jan 20, 2022 11:09:55.519870000 -05
Jan 20, 2022 11:09:55.555322000 -05
Jan 20, 2022 11:09:55.557108000 -05
Jan 20, 2022 11:09:55.594397000 -05
Jan 20, 2022 11:09:55.596574000 -05
Jan 20, 2022 11:09:55.634974000 -05
Jan 20, 2022 11:09:55.635780000 -05
Jan 20, 2022 11:09:55.678080000 -05
Jan 20, 2022 11:09:55.678702000 -05
Jan 20, 2022 11:09:55.717281000 -05
Jan 20, 2022 11:09:55.717433000 -05
Jan 20, 2022 11:09:55.757828000 -05
Jan 20, 2022 11:09:55.760893000 -05
Jan 20, 2022 11:09:55.794627000 -05
Jan 20, 2022 11:09:55.796054000 -05
Jan 20, 2022 11:09:55.834852000 -05
Jan 20, 2022 11:09:55.836772000 -05
Jan 20, 2022 11:09:55.878431000 -05
Jan 20, 2022 11:09:55.882239000 -05
Jan 20, 2022 11:09:55.914499000 -05
Jan 20, 2022 11:09:55.915485000 -05
Jan 20, 2022 11:09:55.956349000 -05
Jan 20, 2022 11:09:55.956718000 -05
Jan 20, 2022 11:09:55.995030000 -05
Jan 20, 2022 11:09:55.995153000 -05
Jan 20, 2022 11:09:56.037095000 -05
Jan 20, 2022 11:09:56.040613000 -05
Jan 20, 2022 11:09:56.074958000 -05
Jan 20, 2022 11:09:56.077477000 -05
Jan 20, 2022 11:09:56.115809000 -05
Jan 20, 2022 11:09:56.116625000 -05
Jan 20, 2022 11:09:56.116947000 -05
Jan 20, 2022 11:09:56.154955000 -05
Jan 20, 2022 11:09:56.155830000 -05
Jan 20, 2022 11:09:56.156007000 -05
Jan 20, 2022 11:09:56.198855000 -05
Jan 20, 2022 11:09:56.199231000 -05
Jan 20, 2022 11:09:56.235941000 -05
Jan 20, 2022 11:09:56.236503000 -05
Jan 20, 2022 11:09:56.239685000 -05
Jan 20, 2022 11:09:56.277259000 -05
Jan 20, 2022 11:09:56.281081000 -05
Jan 20, 2022 11:09:56.315028000 -05
Jan 20, 2022 11:09:56.315191000 -05
Jan 20, 2022 11:09:56.317081000 -05
Jan 20, 2022 11:09:56.354322000 -05
Jan 20, 2022 11:09:56.356703000 -05
Jan 20, 2022 11:09:56.393761000 -05
Jan 20, 2022 11:09:56.397664000 -05
Jan 20, 2022 11:09:56.434510000 -05
Jan 20, 2022 11:09:56.435434000 -05
Jan 20, 2022 11:09:56.436319000 -05
Jan 20, 2022 11:09:56.475479000 -05
Jan 20, 2022 11:09:56.476427000 -05
Jan 20, 2022 11:09:56.476855000 -05
Jan 20, 2022 11:09:56.514062000 -05
Jan 20, 2022 11:09:56.517434000 -05
Jan 20, 2022 11:09:56.555037000 -05
Jan 20, 2022 11:09:56.555253000 -05
Jan 20, 2022 11:09:56.602139000 -05
Jan 20, 2022 11:09:56.605203000 -05
Jan 20, 2022 11:09:56.606217000 -05
Jan 20, 2022 11:09:56.633949000 -05
Jan 20, 2022 11:09:56.638303000 -05
Jan 20, 2022 11:09:56.638701000 -05
Jan 20, 2022 11:09:56.674144000 -05
Jan 20, 2022 11:09:56.682726000 -05
Jan 20, 2022 11:09:56.687079000 -05
Jan 20, 2022 11:09:56.687836000 -05
Jan 20, 2022 11:09:56.688464000 -05
Jan 20, 2022 11:09:56.689067000 -05
Jan 20, 2022 11:09:56.692302000 -05
Jan 20, 2022 11:09:56.692664000 -05
Jan 20, 2022 11:09:56.697184000 -05
Jan 20, 2022 11:09:56.700606000 -05
Jan 20, 2022 11:09:56.705766000 -05
Jan 20, 2022 11:09:56.712253000 -05
Jan 20, 2022 11:09:56.712545000 -05
Jan 20, 2022 11:09:56.713980000 -05
Jan 20, 2022 11:09:56.717163000 -05
Jan 20, 2022 11:09:56.717194000 -05
Jan 20, 2022 11:09:56.782038000 -05
Jan 20, 2022 11:09:56.782437000 -05
Jan 20, 2022 11:09:56.782610000 -05
Jan 20, 2022 11:09:56.794518000 -05
Jan 20, 2022 11:09:56.803079000 -05
Jan 20, 2022 11:09:56.825426000 -05
Jan 20, 2022 11:09:56.833970000 -05
Jan 20, 2022 11:09:56.835011000 -05
Jan 20, 2022 11:09:56.837331000 -05
Jan 20, 2022 11:09:56.875365000 -05
Jan 20, 2022 11:09:56.875882000 -05
Jan 20, 2022 11:09:56.876223000 -05
Jan 20, 2022 11:09:56.914753000 -05
Jan 20, 2022 11:09:56.915931000 -05
Jan 20, 2022 11:09:56.915964000 -05
Jan 20, 2022 11:09:56.955034000 -05
Jan 20, 2022 11:09:56.955769000 -05
Jan 20, 2022 11:09:56.956332000 -05
Jan 20, 2022 11:09:56.995131000 -05
Jan 20, 2022 11:09:56.996783000 -05
Jan 20, 2022 11:09:57.080300000 -05
Jan 20, 2022 11:09:57.081772000 -05
Jan 20, 2022 11:09:57.083780000 -05
Jan 20, 2022 11:09:57.096631000 -05
Jan 20, 2022 11:09:57.097390000 -05
Jan 20, 2022 11:09:57.116963000 -05
Jan 20, 2022 11:09:57.117965000 -05
Jan 20, 2022 11:09:57.118471000 -05
Jan 20, 2022 11:09:57.156254000 -05
Jan 20, 2022 11:09:57.156680000 -05
Jan 20, 2022 11:09:57.194211000 -05
Jan 20, 2022 11:09:57.194655000 -05
Jan 20, 2022 11:09:57.234788000 -05
Jan 20, 2022 11:09:57.234825000 -05
Jan 20, 2022 11:09:57.273914000 -05
Jan 20, 2022 11:09:57.276945000 -05
Jan 20, 2022 11:09:57.315275000 -05
Jan 20, 2022 11:09:57.318282000 -05
Jan 20, 2022 11:09:57.318313000 -05
Jan 20, 2022 11:09:57.354311000 -05
Jan 20, 2022 11:09:57.355331000 -05
Jan 20, 2022 11:09:57.356381000 -05
Jan 20, 2022 11:09:57.396209000 -05
Jan 20, 2022 11:09:57.398979000 -05
Jan 20, 2022 11:09:57.404029000 -05
Jan 20, 2022 11:09:57.434642000 -05
Jan 20, 2022 11:09:57.435088000 -05
Jan 20, 2022 11:09:57.435454000 -05
Jan 20, 2022 11:09:57.474644000 -05
Jan 20, 2022 11:09:57.475349000 -05
Jan 20, 2022 11:09:57.476415000 -05
Jan 20, 2022 11:09:57.520375000 -05
Jan 20, 2022 11:09:57.526633000 -05
Jan 20, 2022 11:09:57.527153000 -05
Jan 20, 2022 11:09:57.554540000 -05
Jan 20, 2022 11:09:57.556126000 -05
Jan 20, 2022 11:09:57.556383000 -05
Jan 20, 2022 11:09:57.594888000 -05
Jan 20, 2022 11:09:57.594925000 -05
Jan 20, 2022 11:09:57.600454000 -05
Jan 20, 2022 11:09:57.632773000 -05
Jan 20, 2022 11:09:57.635742000 -05
Jan 20, 2022 11:09:57.635883000 -05
Jan 20, 2022 11:09:57.674993000 -05
Jan 20, 2022 11:09:57.677377000 -05
Jan 20, 2022 11:09:57.713967000 -05
Jan 20, 2022 11:09:57.715299000 -05
Jan 20, 2022 11:09:57.715646000 -05
Jan 20, 2022 11:09:57.754745000 -05
Jan 20, 2022 11:09:57.757437000 -05
Jan 20, 2022 11:09:57.757770000 -05
Jan 20, 2022 11:09:57.800015000 -05
Jan 20, 2022 11:09:57.805233000 -05
Jan 20, 2022 11:09:57.805465000 -05
Jan 20, 2022 11:09:57.834206000 -05
Jan 20, 2022 11:09:57.837113000 -05
Jan 20, 2022 11:09:57.837463000 -05
Jan 20, 2022 11:09:57.873092000 -05
Jan 20, 2022 11:09:57.874150000 -05
Jan 20, 2022 11:09:57.877093000 -05
Jan 20, 2022 11:09:57.877894000 -05
Jan 20, 2022 11:09:57.880760000 -05
Jan 20, 2022 11:09:57.884667000 -05
Jan 20, 2022 11:09:57.885538000 -05
Jan 20, 2022 11:09:57.888134000 -05
Jan 20, 2022 11:09:57.892391000 -05
Jan 20, 2022 11:09:57.892558000 -05
Jan 20, 2022 11:09:57.894112000 -05
Jan 20, 2022 11:09:57.897533000 -05
Jan 20, 2022 11:09:57.897575000 -05
Jan 20, 2022 11:09:57.915588000 -05
Jan 20, 2022 11:09:57.916159000 -05
Jan 20, 2022 11:09:57.953507000 -05
Jan 20, 2022 11:09:57.956332000 -05
Jan 20, 2022 11:09:57.993336000 -05
Jan 20, 2022 11:09:57.995241000 -05
Jan 20, 2022 11:09:58.035071000 -05
Jan 20, 2022 11:09:58.035594000 -05
Jan 20, 2022 11:09:58.079044000 -05
Jan 20, 2022 11:09:58.083108000 -05
Jan 20, 2022 11:09:58.114505000 -05
Jan 20, 2022 11:09:58.130098000 -05
Jan 20, 2022 11:09:58.154455000 -05
Jan 20, 2022 11:09:58.155214000 -05
Jan 20, 2022 11:09:58.194162000 -05
Jan 20, 2022 11:09:58.194201000 -05
Jan 20, 2022 11:09:58.235668000 -05
Jan 20, 2022 11:09:58.237835000 -05
Jan 20, 2022 11:09:58.275245000 -05
Jan 20, 2022 11:09:58.275819000 -05
Jan 20, 2022 11:09:58.317001000 -05
Jan 20, 2022 11:09:58.317055000 -05
Jan 20, 2022 11:09:58.353330000 -05
Jan 20, 2022 11:09:58.356438000 -05
Jan 20, 2022 11:09:58.394996000 -05
Jan 20, 2022 11:09:58.395197000 -05
Jan 20, 2022 11:09:58.435776000 -05
Jan 20, 2022 11:09:58.470614000 -05
Jan 20, 2022 11:09:58.473411000 -05
Jan 20, 2022 11:09:58.474620000 -05
Jan 20, 2022 11:09:58.513232000 -05
Jan 20, 2022 11:09:58.515690000 -05
Jan 20, 2022 11:09:58.613735000 -05
Jan 20, 2022 11:09:58.618014000 -05
Jan 20, 2022 11:09:58.618043000 -05
Jan 20, 2022 11:09:58.619686000 -05
Jan 20, 2022 11:09:58.633210000 -05
Jan 20, 2022 11:09:58.635371000 -05
Jan 20, 2022 11:09:58.635509000 -05
Jan 20, 2022 11:09:58.709827000 -05
Jan 20, 2022 11:09:58.710081000 -05
Jan 20, 2022 11:09:58.714978000 -05
Jan 20, 2022 11:09:58.723892000 -05
Jan 20, 2022 11:09:58.755962000 -05
Jan 20, 2022 11:09:58.756531000 -05
Jan 20, 2022 11:09:58.794670000 -05
Jan 20, 2022 11:09:58.795633000 -05
Jan 20, 2022 11:09:58.837280000 -05
Jan 20, 2022 11:09:58.837679000 -05
Jan 20, 2022 11:09:58.838694000 -05
Jan 20, 2022 11:09:58.874110000 -05
Jan 20, 2022 11:09:58.874695000 -05
Jan 20, 2022 11:09:58.875974000 -05
Jan 20, 2022 11:09:58.912685000 -05
Jan 20, 2022 11:09:58.915155000 -05
Jan 20, 2022 11:09:58.916360000 -05
Jan 20, 2022 11:09:58.957277000 -05
Jan 20, 2022 11:09:58.993480000 -05
Jan 20, 2022 11:09:58.993525000 -05
Jan 20, 2022 11:09:59.001943000 -05
Jan 20, 2022 11:09:59.002571000 -05
Jan 20, 2022 11:09:59.002601000 -05
Jan 20, 2022 11:09:59.036291000 -05
Jan 20, 2022 11:09:59.036649000 -05
Jan 20, 2022 11:09:59.036815000 -05
Jan 20, 2022 11:09:59.073653000 -05
Jan 20, 2022 11:09:59.073814000 -05
Jan 20, 2022 11:09:59.074473000 -05
Jan 20, 2022 11:09:59.077821000 -05
Jan 20, 2022 11:09:59.078308000 -05
Jan 20, 2022 11:09:59.082953000 -05
Jan 20, 2022 11:09:59.083615000 -05
Jan 20, 2022 11:09:59.086116000 -05
Jan 20, 2022 11:09:59.090698000 -05
Jan 20, 2022 11:09:59.093147000 -05
Jan 20, 2022 11:09:59.097695000 -05
Jan 20, 2022 11:09:59.098847000 -05
Jan 20, 2022 11:09:59.099277000 -05
Jan 20, 2022 11:09:59.114864000 -05
Jan 20, 2022 11:09:59.115728000 -05
Jan 20, 2022 11:09:59.116509000 -05
Jan 20, 2022 11:09:59.161995000 -05
Jan 20, 2022 11:09:59.164508000 -05
Jan 20, 2022 11:09:59.165939000 -05
Jan 20, 2022 11:09:59.195015000 -05
Jan 20, 2022 11:09:59.195780000 -05
Jan 20, 2022 11:09:59.196138000 -05
Jan 20, 2022 11:09:59.248477000 -05
Jan 20, 2022 11:09:59.249278000 -05
Jan 20, 2022 11:09:59.249570000 -05
Jan 20, 2022 11:09:59.272859000 -05
Jan 20, 2022 11:09:59.274551000 -05
Jan 20, 2022 11:09:59.313181000 -05
Jan 20, 2022 11:09:59.315004000 -05
Jan 20, 2022 11:09:59.356535000 -05
Jan 20, 2022 11:09:59.364237000 -05
Jan 20, 2022 11:09:59.364421000 -05
Jan 20, 2022 11:09:59.393781000 -05
Jan 20, 2022 11:09:59.394521000 -05
Jan 20, 2022 11:09:59.396291000 -05
Jan 20, 2022 11:09:59.435991000 -05
Jan 20, 2022 11:09:59.436772000 -05
Jan 20, 2022 11:09:59.437156000 -05
Jan 20, 2022 11:09:59.473911000 -05
Jan 20, 2022 11:09:59.475848000 -05
Jan 20, 2022 11:09:59.476149000 -05
Jan 20, 2022 11:09:59.518637000 -05
Jan 20, 2022 11:09:59.518675000 -05
Jan 20, 2022 11:09:59.519058000 -05
Jan 20, 2022 11:09:59.555755000 -05
Jan 20, 2022 11:09:59.556372000 -05
Jan 20, 2022 11:09:59.595100000 -05
Jan 20, 2022 11:09:59.597568000 -05
Jan 20, 2022 11:09:59.634659000 -05
Jan 20, 2022 11:09:59.634695000 -05
Jan 20, 2022 11:09:59.674071000 -05
Jan 20, 2022 11:09:59.679587000 -05
Jan 20, 2022 11:09:59.713202000 -05
Jan 20, 2022 11:09:59.716323000 -05
Jan 20, 2022 11:09:59.753992000 -05
Jan 20, 2022 11:09:59.754026000 -05
Jan 20, 2022 11:09:59.794384000 -05
Jan 20, 2022 11:09:59.794417000 -05
Jan 20, 2022 11:09:59.834205000 -05
Jan 20, 2022 11:09:59.834747000 -05
Jan 20, 2022 11:09:59.835252000 -05
Jan 20, 2022 11:09:59.876803000 -05
Jan 20, 2022 11:09:59.876933000 -05
Jan 20, 2022 11:09:59.913801000 -05
Jan 20, 2022 11:09:59.914501000 -05
Jan 20, 2022 11:09:59.956193000 -05
Jan 20, 2022 11:09:59.956526000 -05
Jan 20, 2022 11:09:59.995077000 -05
Jan 20, 2022 11:09:59.995563000 -05
Jan 20, 2022 11:10:00.033947000 -05
Jan 20, 2022 11:10:00.034622000 -05
Jan 20, 2022 11:10:00.079128000 -05
Jan 20, 2022 11:10:00.079633000 -05
Jan 20, 2022 11:10:00.079661000 -05
Jan 20, 2022 11:10:00.114473000 -05
Jan 20, 2022 11:10:00.114509000 -05
Jan 20, 2022 11:10:00.117140000 -05
Jan 20, 2022 11:10:00.158307000 -05
Jan 20, 2022 11:10:00.158629000 -05
Jan 20, 2022 11:10:00.158788000 -05
Jan 20, 2022 11:10:00.235047000 -05
Jan 20, 2022 11:10:00.235078000 -05
Jan 20, 2022 11:10:00.235273000 -05
Jan 20, 2022 11:10:00.238888000 -05
Jan 20, 2022 11:10:00.239129000 -05
Jan 20, 2022 11:10:00.272736000 -05
Jan 20, 2022 11:10:00.273578000 -05
Jan 20, 2022 11:10:00.274609000 -05
Jan 20, 2022 11:10:00.282988000 -05
Jan 20, 2022 11:10:00.293914000 -05
Jan 20, 2022 11:10:00.297115000 -05
Jan 20, 2022 11:10:00.297173000 -05
Jan 20, 2022 11:10:00.297576000 -05
Jan 20, 2022 11:10:00.298404000 -05
Jan 20, 2022 11:10:00.299566000 -05
Jan 20, 2022 11:10:00.299858000 -05
Jan 20, 2022 11:10:00.301828000 -05
Jan 20, 2022 11:10:00.314875000 -05
Jan 20, 2022 11:10:00.315212000 -05
Jan 20, 2022 11:10:00.315804000 -05
Jan 20, 2022 11:10:00.354072000 -05
Jan 20, 2022 11:10:00.355844000 -05
Jan 20, 2022 11:10:00.355878000 -05
Jan 20, 2022 11:10:00.395144000 -05
Jan 20, 2022 11:10:00.395612000 -05
Jan 20, 2022 11:10:00.397366000 -05
Jan 20, 2022 11:10:00.434848000 -05
Jan 20, 2022 11:10:00.435281000 -05
Jan 20, 2022 11:10:00.435854000 -05
Jan 20, 2022 11:10:00.501273000 -05
Jan 20, 2022 11:10:00.502595000 -05
Jan 20, 2022 11:10:00.502653000 -05
Jan 20, 2022 11:10:00.512801000 -05
Jan 20, 2022 11:10:00.517338000 -05
Jan 20, 2022 11:10:00.517613000 -05
Jan 20, 2022 11:10:00.554482000 -05
Jan 20, 2022 11:10:00.554988000 -05
Jan 20, 2022 11:10:00.555972000 -05
Jan 20, 2022 11:10:00.593286000 -05
Jan 20, 2022 11:10:00.595639000 -05
Jan 20, 2022 11:10:00.633764000 -05
Jan 20, 2022 11:10:00.656310000 -05
Jan 20, 2022 11:10:00.675530000 -05
Jan 20, 2022 11:10:00.680145000 -05
Jan 20, 2022 11:10:00.713269000 -05
Jan 20, 2022 11:10:00.714700000 -05
Jan 20, 2022 11:10:00.754368000 -05
Jan 20, 2022 11:10:00.754405000 -05
Jan 20, 2022 11:10:00.797193000 -05
Jan 20, 2022 11:10:00.797711000 -05
Jan 20, 2022 11:10:00.834422000 -05
Jan 20, 2022 11:10:00.834669000 -05
Jan 20, 2022 11:10:00.878899000 -05
Jan 20, 2022 11:10:00.879840000 -05
Jan 20, 2022 11:10:00.949991000 -05
Jan 20, 2022 11:10:00.954670000 -05
Jan 20, 2022 11:10:00.957132000 -05
Jan 20, 2022 11:10:00.957420000 -05
Jan 20, 2022 11:10:01.053031000 -05
Jan 20, 2022 11:10:01.053744000 -05
Jan 20, 2022 11:10:01.054099000 -05
Jan 20, 2022 11:10:01.056327000 -05
Jan 20, 2022 11:10:01.074205000 -05
Jan 20, 2022 11:10:01.075371000 -05
Jan 20, 2022 11:10:01.082563000 -05
Jan 20, 2022 11:10:01.152434000 -05
Jan 20, 2022 11:10:01.163431000 -05
Jan 20, 2022 11:10:01.164392000 -05
Jan 20, 2022 11:10:01.178251000 -05
Jan 20, 2022 11:10:01.194326000 -05
Jan 20, 2022 11:10:01.195897000 -05
Jan 20, 2022 11:10:01.196219000 -05
Jan 20, 2022 11:10:01.234184000 -05
Jan 20, 2022 11:10:01.234733000 -05
Jan 20, 2022 11:10:01.274118000 -05
Jan 20, 2022 11:10:01.274426000 -05
Jan 20, 2022 11:10:01.363696000 -05
Jan 20, 2022 11:10:01.364427000 -05
Jan 20, 2022 11:10:01.364538000 -05
Jan 20, 2022 11:10:01.365270000 -05
Jan 20, 2022 11:10:01.432290000 -05
Jan 20, 2022 11:10:01.433172000 -05
Jan 20, 2022 11:10:01.436327000 -05
Jan 20, 2022 11:10:01.439552000 -05
Jan 20, 2022 11:10:01.491592000 -05
Jan 20, 2022 11:10:01.493059000 -05
Jan 20, 2022 11:10:01.499385000 -05
Jan 20, 2022 11:10:01.500304000 -05
Jan 20, 2022 11:10:01.500793000 -05
Jan 20, 2022 11:10:01.503807000 -05
Jan 20, 2022 11:10:01.509870000 -05
Jan 20, 2022 11:10:01.513563000 -05
Jan 20, 2022 11:10:01.513601000 -05
Jan 20, 2022 11:10:01.514158000 -05
Jan 20, 2022 11:10:01.515228000 -05
Jan 20, 2022 11:10:01.516088000 -05
Jan 20, 2022 11:10:01.516116000 -05
Jan 20, 2022 11:10:01.516444000 -05
Jan 20, 2022 11:10:01.553141000 -05
Jan 20, 2022 11:10:01.556917000 -05
Jan 20, 2022 11:10:01.593954000 -05
Jan 20, 2022 11:10:01.595521000 -05
Jan 20, 2022 11:10:01.635038000 -05
Jan 20, 2022 11:10:01.635075000 -05
Jan 20, 2022 11:10:01.673352000 -05
Jan 20, 2022 11:10:01.674941000 -05
Jan 20, 2022 11:10:01.719053000 -05
Jan 20, 2022 11:10:01.722757000 -05
Jan 20, 2022 11:10:01.753702000 -05
Jan 20, 2022 11:10:01.754872000 -05
Jan 20, 2022 11:10:01.799042000 -05
Jan 20, 2022 11:10:01.799586000 -05
Jan 20, 2022 11:10:01.799615000 -05
Jan 20, 2022 11:10:01.833953000 -05
Jan 20, 2022 11:10:01.834516000 -05
Jan 20, 2022 11:10:01.836441000 -05
Jan 20, 2022 11:10:01.874398000 -05
Jan 20, 2022 11:10:01.875198000 -05
Jan 20, 2022 11:10:01.875685000 -05
Jan 20, 2022 11:10:01.913054000 -05
Jan 20, 2022 11:10:01.922969000 -05
Jan 20, 2022 11:10:01.922998000 -05
Jan 20, 2022 11:10:01.954227000 -05
Jan 20, 2022 11:10:01.954264000 -05
Jan 20, 2022 11:10:01.955643000 -05
Jan 20, 2022 11:10:01.993897000 -05
Jan 20, 2022 11:10:01.995123000 -05
Jan 20, 2022 11:10:02.033471000 -05
Jan 20, 2022 11:10:02.034625000 -05
Jan 20, 2022 11:10:02.127040000 -05
Jan 20, 2022 11:10:02.129535000 -05
Jan 20, 2022 11:10:02.142128000 -05
Jan 20, 2022 11:10:02.143153000 -05
Jan 20, 2022 11:10:02.154248000 -05
Jan 20, 2022 11:10:02.154715000 -05
Jan 20, 2022 11:10:02.194275000 -05
Jan 20, 2022 11:10:02.194701000 -05
Jan 20, 2022 11:10:02.236707000 -05
Jan 20, 2022 11:10:02.237676000 -05
Jan 20, 2022 11:10:02.286583000 -05
Jan 20, 2022 11:10:02.289582000 -05
Jan 20, 2022 11:10:02.293735000 -05
Jan 20, 2022 11:10:02.314724000 -05
Jan 20, 2022 11:10:02.319159000 -05
Jan 20, 2022 11:10:02.355692000 -05
Jan 20, 2022 11:10:02.359470000 -05
Jan 20, 2022 11:10:02.394529000 -05
Jan 20, 2022 11:10:02.394701000 -05
Jan 20, 2022 11:10:02.434897000 -05
Jan 20, 2022 11:10:02.436190000 -05
Jan 20, 2022 11:10:02.444963000 -05
Jan 20, 2022 11:10:02.506292000 -05
Jan 20, 2022 11:10:02.508342000 -05
Jan 20, 2022 11:10:02.508373000 -05
Jan 20, 2022 11:10:02.513072000 -05
Jan 20, 2022 11:10:02.523950000 -05
Jan 20, 2022 11:10:02.524119000 -05
Jan 20, 2022 11:10:02.571619000 -05
Jan 20, 2022 11:10:02.572077000 -05
Jan 20, 2022 11:10:02.572315000 -05
Jan 20, 2022 11:10:02.593708000 -05
Jan 20, 2022 11:10:02.599051000 -05
Jan 20, 2022 11:10:02.601121000 -05
Jan 20, 2022 11:10:02.641000000 -05
Jan 20, 2022 11:10:02.641619000 -05
Jan 20, 2022 11:10:02.674065000 -05
Jan 20, 2022 11:10:02.674103000 -05
Jan 20, 2022 11:10:02.677600000 -05
Jan 20, 2022 11:10:02.678521000 -05
Jan 20, 2022 11:10:02.679756000 -05
Jan 20, 2022 11:10:02.688533000 -05
Jan 20, 2022 11:10:02.689825000 -05
Jan 20, 2022 11:10:02.690294000 -05
Jan 20, 2022 11:10:02.701126000 -05
Jan 20, 2022 11:10:02.701162000 -05
Jan 20, 2022 11:10:02.705193000 -05
Jan 20, 2022 11:10:02.705770000 -05
Jan 20, 2022 11:10:02.714448000 -05
Jan 20, 2022 11:10:02.716792000 -05
Jan 20, 2022 11:10:02.754549000 -05
Jan 20, 2022 11:10:02.754674000 -05
Jan 20, 2022 11:10:02.797337000 -05
Jan 20, 2022 11:10:02.797392000 -05
Jan 20, 2022 11:10:02.834128000 -05
Jan 20, 2022 11:10:02.834684000 -05
Jan 20, 2022 11:10:02.874178000 -05
Jan 20, 2022 11:10:02.874540000 -05
Jan 20, 2022 11:10:02.914212000 -05
Jan 20, 2022 11:10:02.914248000 -05
Jan 20, 2022 11:10:02.956651000 -05
Jan 20, 2022 11:10:02.957758000 -05
Jan 20, 2022 11:10:02.995055000 -05
Jan 20, 2022 11:10:02.995951000 -05
Jan 20, 2022 11:10:03.066203000 -05
Jan 20, 2022 11:10:03.067063000 -05
Jan 20, 2022 11:10:03.074006000 -05
Jan 20, 2022 11:10:03.075665000 -05
Jan 20, 2022 11:10:03.115006000 -05
Jan 20, 2022 11:10:03.116367000 -05
Jan 20, 2022 11:10:03.154397000 -05
Jan 20, 2022 11:10:03.155649000 -05
Jan 20, 2022 11:10:03.195098000 -05
Jan 20, 2022 11:10:03.202256000 -05
Jan 20, 2022 11:10:03.233707000 -05
Jan 20, 2022 11:10:03.234839000 -05
Jan 20, 2022 11:10:03.273496000 -05
Jan 20, 2022 11:10:03.274405000 -05
Jan 20, 2022 11:10:03.313727000 -05
Jan 20, 2022 11:10:03.315696000 -05
Jan 20, 2022 11:10:03.356817000 -05
Jan 20, 2022 11:10:03.357976000 -05
Jan 20, 2022 11:10:03.393449000 -05
Jan 20, 2022 11:10:03.394422000 -05
Jan 20, 2022 11:10:03.436294000 -05
Jan 20, 2022 11:10:03.478278000 -05
Jan 20, 2022 11:10:03.478800000 -05
Jan 20, 2022 11:10:03.479360000 -05
Jan 20, 2022 11:10:03.514062000 -05
Jan 20, 2022 11:10:03.515286000 -05
Jan 20, 2022 11:10:03.515315000 -05
Jan 20, 2022 11:10:03.561642000 -05
Jan 20, 2022 11:10:03.562162000 -05
Jan 20, 2022 11:10:03.562602000 -05
Jan 20, 2022 11:10:03.594011000 -05
Jan 20, 2022 11:10:03.594456000 -05
Jan 20, 2022 11:10:03.596482000 -05
Jan 20, 2022 11:10:03.633795000 -05
Jan 20, 2022 11:10:03.635173000 -05
Jan 20, 2022 11:10:03.636144000 -05
Jan 20, 2022 11:10:03.673585000 -05
Jan 20, 2022 11:10:03.675340000 -05
Jan 20, 2022 11:10:03.675505000 -05
Jan 20, 2022 11:10:03.713176000 -05
Jan 20, 2022 11:10:03.715650000 -05
Jan 20, 2022 11:10:03.717468000 -05
Jan 20, 2022 11:10:03.754470000 -05
Jan 20, 2022 11:10:03.754719000 -05
Jan 20, 2022 11:10:03.755781000 -05
Jan 20, 2022 11:10:03.795036000 -05
Jan 20, 2022 11:10:03.796702000 -05
Jan 20, 2022 11:10:03.796731000 -05
Jan 20, 2022 11:10:03.833435000 -05
Jan 20, 2022 11:10:03.836218000 -05
Jan 20, 2022 11:10:03.874711000 -05
Jan 20, 2022 11:10:03.875920000 -05
Jan 20, 2022 11:10:03.879068000 -05
Jan 20, 2022 11:10:03.880021000 -05
Jan 20, 2022 11:10:03.881622000 -05
Jan 20, 2022 11:10:03.882663000 -05
Jan 20, 2022 11:10:03.885684000 -05
Jan 20, 2022 11:10:03.885736000 -05
Jan 20, 2022 11:10:03.888875000 -05
Jan 20, 2022 11:10:03.892572000 -05
Jan 20, 2022 11:10:03.893761000 -05
Jan 20, 2022 11:10:03.898162000 -05
Jan 20, 2022 11:10:03.901622000 -05
Jan 20, 2022 11:10:03.901751000 -05
Jan 20, 2022 11:10:03.902144000 -05
Jan 20, 2022 11:10:03.915646000 -05
Jan 20, 2022 11:10:03.918280000 -05
Jan 20, 2022 11:10:03.957260000 -05
Jan 20, 2022 11:10:03.958054000 -05
Jan 20, 2022 11:10:04.000432000 -05
Jan 20, 2022 11:10:04.000821000 -05
Jan 20, 2022 11:10:04.033346000 -05
Jan 20, 2022 11:10:04.034760000 -05
Jan 20, 2022 11:10:04.073799000 -05
Jan 20, 2022 11:10:04.075712000 -05
Jan 20, 2022 11:10:04.113776000 -05
Jan 20, 2022 11:10:04.114201000 -05
Jan 20, 2022 11:10:04.154479000 -05
Jan 20, 2022 11:10:04.154521000 -05
Jan 20, 2022 11:10:04.194303000 -05
Jan 20, 2022 11:10:04.194452000 -05
Jan 20, 2022 11:10:04.234019000 -05
Jan 20, 2022 11:10:04.234569000 -05
Jan 20, 2022 11:10:04.278807000 -05
Jan 20, 2022 11:10:04.279698000 -05
Jan 20, 2022 11:10:04.318411000 -05
Jan 20, 2022 11:10:04.318570000 -05
Jan 20, 2022 11:10:04.355496000 -05
Jan 20, 2022 11:10:04.355543000 -05
Jan 20, 2022 11:10:04.394802000 -05
Jan 20, 2022 11:10:04.394848000 -05
Jan 20, 2022 11:10:04.433820000 -05
Jan 20, 2022 11:10:04.434159000 -05
Jan 20, 2022 11:10:04.473803000 -05
Jan 20, 2022 11:10:04.474154000 -05
Jan 20, 2022 11:10:04.514564000 -05
Jan 20, 2022 11:10:04.514752000 -05
Jan 20, 2022 11:10:04.555034000 -05
Jan 20, 2022 11:10:04.559916000 -05
Jan 20, 2022 11:10:04.595047000 -05
Jan 20, 2022 11:10:04.595163000 -05
Jan 20, 2022 11:10:04.633862000 -05
Jan 20, 2022 11:10:04.639881000 -05
Jan 20, 2022 11:10:04.640496000 -05
Jan 20, 2022 11:10:04.674564000 -05
Jan 20, 2022 11:10:04.675656000 -05
Jan 20, 2022 11:10:04.675686000 -05
Jan 20, 2022 11:10:04.717210000 -05
Jan 20, 2022 11:10:04.717254000 -05
Jan 20, 2022 11:10:04.720704000 -05
Jan 20, 2022 11:10:04.754054000 -05
Jan 20, 2022 11:10:04.754785000 -05
Jan 20, 2022 11:10:04.796383000 -05
Jan 20, 2022 11:10:04.797624000 -05
Jan 20, 2022 11:10:04.834569000 -05
Jan 20, 2022 11:10:04.837319000 -05
Jan 20, 2022 11:10:04.838025000 -05
Jan 20, 2022 11:10:04.873987000 -05
Jan 20, 2022 11:10:04.874291000 -05
Jan 20, 2022 11:10:04.914111000 -05
Jan 20, 2022 11:10:04.914795000 -05
Jan 20, 2022 11:10:04.953154000 -05
Jan 20, 2022 11:10:04.955568000 -05
Jan 20, 2022 11:10:04.996796000 -05
Jan 20, 2022 11:10:04.997134000 -05
Jan 20, 2022 11:10:04.997311000 -05
Jan 20, 2022 11:10:05.035036000 -05
Jan 20, 2022 11:10:05.035592000 -05
Jan 20, 2022 11:10:05.036171000 -05
Jan 20, 2022 11:10:05.075549000 -05
Jan 20, 2022 11:10:05.076126000 -05
Jan 20, 2022 11:10:05.076504000 -05
Jan 20, 2022 11:10:05.077252000 -05
Jan 20, 2022 11:10:05.086502000 -05
Jan 20, 2022 11:10:05.086546000 -05
Jan 20, 2022 11:10:05.087094000 -05
Jan 20, 2022 11:10:05.087775000 -05
Jan 20, 2022 11:10:05.090209000 -05
Jan 20, 2022 11:10:05.098881000 -05
Jan 20, 2022 11:10:05.099145000 -05
Jan 20, 2022 11:10:05.104021000 -05
Jan 20, 2022 11:10:05.106192000 -05
Jan 20, 2022 11:10:05.111089000 -05
Jan 20, 2022 11:10:05.111131000 -05
Jan 20, 2022 11:10:05.113391000 -05
Jan 20, 2022 11:10:05.114650000 -05
Jan 20, 2022 11:10:05.155684000 -05
Jan 20, 2022 11:10:05.183042000 -05
Jan 20, 2022 11:10:05.207691000 -05
Jan 20, 2022 11:10:05.214328000 -05
Jan 20, 2022 11:10:05.260555000 -05
Jan 20, 2022 11:10:05.276099000 -05
Jan 20, 2022 11:10:05.292660000 -05
Jan 20, 2022 11:10:05.292696000 -05
Jan 20, 2022 11:10:05.313660000 -05
Jan 20, 2022 11:10:05.314468000 -05
Jan 20, 2022 11:10:05.353394000 -05
Jan 20, 2022 11:10:05.355213000 -05
Jan 20, 2022 11:10:05.393804000 -05
Jan 20, 2022 11:10:05.394618000 -05
Jan 20, 2022 11:10:05.433826000 -05
Jan 20, 2022 11:10:05.436430000 -05
Jan 20, 2022 11:10:05.474513000 -05
Jan 20, 2022 11:10:05.474922000 -05
Jan 20, 2022 11:10:05.515766000 -05
Jan 20, 2022 11:10:05.516282000 -05
Jan 20, 2022 11:10:05.553892000 -05
Jan 20, 2022 11:10:05.557224000 -05
Jan 20, 2022 11:10:05.597062000 -05
Jan 20, 2022 11:10:05.599029000 -05
Jan 20, 2022 11:10:05.633461000 -05
Jan 20, 2022 11:10:05.636327000 -05
Jan 20, 2022 11:10:05.673049000 -05
Jan 20, 2022 11:10:05.675314000 -05
Jan 20, 2022 11:10:05.714100000 -05
Jan 20, 2022 11:10:05.714276000 -05
Jan 20, 2022 11:10:05.753349000 -05
Jan 20, 2022 11:10:05.759953000 -05
Jan 20, 2022 11:10:05.796400000 -05
Jan 20, 2022 11:10:05.800215000 -05
Jan 20, 2022 11:10:05.833932000 -05
Jan 20, 2022 11:10:05.834685000 -05
Jan 20, 2022 11:10:05.838624000 -05
Jan 20, 2022 11:10:05.874391000 -05
Jan 20, 2022 11:10:05.874496000 -05
Jan 20, 2022 11:10:05.875782000 -05
Jan 20, 2022 11:10:05.923104000 -05
Jan 20, 2022 11:10:05.923847000 -05
Jan 20, 2022 11:10:05.954859000 -05
Jan 20, 2022 11:10:05.955179000 -05
Jan 20, 2022 11:10:05.955533000 -05
Jan 20, 2022 11:10:05.996988000 -05
Jan 20, 2022 11:10:06.000935000 -05
Jan 20, 2022 11:10:06.000963000 -05
Jan 20, 2022 11:10:06.034310000 -05
Jan 20, 2022 11:10:06.035116000 -05
Jan 20, 2022 11:10:06.035323000 -05
Jan 20, 2022 11:10:06.073003000 -05
Jan 20, 2022 11:10:06.076368000 -05
Jan 20, 2022 11:10:06.076397000 -05
Jan 20, 2022 11:10:06.115305000 -05
Jan 20, 2022 11:10:06.116253000 -05
Jan 20, 2022 11:10:06.120776000 -05
Jan 20, 2022 11:10:06.153874000 -05
Jan 20, 2022 11:10:06.156122000 -05
Jan 20, 2022 11:10:06.156288000 -05
Jan 20, 2022 11:10:06.196311000 -05
Jan 20, 2022 11:10:06.196639000 -05
Jan 20, 2022 11:10:06.197256000 -05
Jan 20, 2022 11:10:06.235860000 -05
Jan 20, 2022 11:10:06.236254000 -05
